{
	"credit": "Made with Blockbench",
	"textures": {
		"1": "block/stripped_birch_log",
		"2": "block/stripped_birch_log_top",
		"3": "block/birch_planks",
		"particle": "block/stripped_birch_log"
	},
	"elements": [
		{
			"from": [3, 0, 3],
			"to": [5, 8, 5],
			"faces": {
				"north": {"uv": [12, 0, 14, 8], "texture": "#1"},
				"east": {"uv": [4, 0, 6, 8], "texture": "#1"},
				"south": {"uv": [8, 0, 10, 8], "texture": "#1"},
				"west": {"uv": [0, 0, 2, 8], "texture": "#1"},
				"up": {"uv": [0, 0, 2, 2], "texture": "#1"},
				"down": {"uv": [0, 0, 2, 2], "texture": "#1"}
			}
		},
		{
			"from": [11, 0, 3],
			"to": [13, 8, 5],
			"rotation": {"angle": 0, "axis": "y", "origin": [16, 0, 0]},
			"faces": {
				"north": {"uv": [14, 0, 16, 8], "texture": "#1"},
				"east": {"uv": [6, 0, 8, 8], "texture": "#1"},
				"south": {"uv": [10, 0, 12, 8], "texture": "#1"},
				"west": {"uv": [2, 0, 4, 8], "texture": "#1"},
				"up": {"uv": [2, 0, 4, 2], "texture": "#1"},
				"down": {"uv": [2, 0, 4, 2], "texture": "#1"}
			}
		},
		{
			"from": [11, 0, 11],
			"to": [13, 8, 13],
			"rotation": {"angle": 0, "axis": "y", "origin": [16, 0, 16]},
			"faces": {
				"north": {"uv": [12, 0, 14, 8], "texture": "#1"},
				"east": {"uv": [4, 0, 6, 8], "texture": "#1"},
				"south": {"uv": [8, 0, 10, 8], "texture": "#1"},
				"west": {"uv": [0, 0, 2, 8], "texture": "#1"},
				"up": {"uv": [2, 2, 4, 4], "texture": "#1"},
				"down": {"uv": [2, 2, 4, 4], "texture": "#1"}
			}
		},
		{
			"from": [3, 0, 11],
			"to": [5, 8, 13],
			"rotation": {"angle": 0, "axis": "y", "origin": [0, 0, 16]},
			"faces": {
				"north": {"uv": [14, 0, 16, 8], "texture": "#1"},
				"east": {"uv": [6, 0, 8, 8], "texture": "#1"},
				"south": {"uv": [10, 0, 12, 8], "texture": "#1"},
				"west": {"uv": [2, 0, 4, 8], "texture": "#1"},
				"up": {"uv": [0, 2, 2, 4], "texture": "#1"},
				"down": {"uv": [0, 2, 2, 4], "texture": "#1"}
			}
		},
		{
			"from": [3, 10, 12],
			"to": [5, 23, 13],
			"rotation": {"angle": 0, "axis": "y", "origin": [0, 0, 16]},
			"faces": {
				"north": {"uv": [0, 0, 2, 13], "texture": "#1"},
				"east": {"uv": [2, 0, 3, 13], "texture": "#1"},
				"south": {"uv": [6, 0, 8, 13], "texture": "#1"},
				"west": {"uv": [4, 0, 5, 13], "texture": "#1"},
				"up": {"uv": [6, 7, 8, 8], "texture": "#2"},
				"down": {"uv": [0, 2, 2, 3], "texture": "#1"}
			}
		},
		{
			"from": [11, 10, 12],
			"to": [13, 23, 13],
			"rotation": {"angle": 0, "axis": "y", "origin": [16, 0, 16]},
			"faces": {
				"north": {"uv": [6, 0, 8, 13], "texture": "#1"},
				"east": {"uv": [0, 0, 1, 13], "texture": "#1"},
				"south": {"uv": [2, 0, 4, 13], "texture": "#1"},
				"west": {"uv": [4, 0, 5, 13], "texture": "#1"},
				"up": {"uv": [8, 7, 10, 8], "texture": "#2"},
				"down": {"uv": [2, 2, 4, 3], "texture": "#1"}
			}
		},
		{
			"from": [2, 8, 2],
			"to": [14, 10, 14],
			"faces": {
				"north": {"uv": [0, 0, 12, 2], "texture": "#3"},
				"east": {"uv": [0, 0, 12, 2], "texture": "#3"},
				"south": {"uv": [0, 0, 12, 2], "texture": "#3"},
				"west": {"uv": [0, 0, 12, 2], "texture": "#3"},
				"up": {"uv": [0, 0, 12, 12], "texture": "#3"},
				"down": {"uv": [0, 0, 12, 12], "texture": "#3"}
			}
		},
		{
			"from": [2, 18, 12.025],
			"to": [14, 19, 12.975],
			"rotation": {"angle": 45, "axis": "z", "origin": [8, 18.5, 12.05]},
			"faces": {
				"north": {"uv": [0, 0, 12, 1], "texture": "#3"},
				"east": {"uv": [0, 0, 1.05, 1], "texture": "#3"},
				"south": {"uv": [0, 0, 12, 1], "texture": "#3"},
				"west": {"uv": [12, 0, 13.05, 1], "texture": "#3"},
				"up": {"uv": [0, 0, 12, 1.05], "texture": "#3"},
				"down": {"uv": [0, 0, 12, 1.05], "texture": "#3"}
			}
		},
		{
			"from": [2, 18, 12.025],
			"to": [14, 19, 12.975],
			"rotation": {"angle": -45, "axis": "z", "origin": [8, 18.5, 12.05]},
			"faces": {
				"north": {"uv": [0, 0, 12, 1], "texture": "#3"},
				"east": {"uv": [0, 0, 1.05, 1], "texture": "#3"},
				"south": {"uv": [0, 0, 12, 1], "texture": "#3"},
				"west": {"uv": [12, 0, 13.05, 1], "texture": "#3"},
				"up": {"uv": [0, 0, 12, 1.05], "texture": "#3"},
				"down": {"uv": [0, 0, 12, 1.05], "texture": "#3"}
			}
		},
		{
			"from": [2, 22, 11.975],
			"to": [14, 24, 13.025],
			"faces": {
				"north": {"uv": [0, 0, 12, 2], "texture": "#3"},
				"east": {"uv": [0, 0, 1.05, 2], "texture": "#3"},
				"south": {"uv": [0, 0, 12, 2], "texture": "#3"},
				"west": {"uv": [12, 0, 13.05, 2], "texture": "#3"},
				"up": {"uv": [0, 0, 12, 1.05], "texture": "#3"},
				"down": {"uv": [0, 0, 12, 1.05], "texture": "#3"}
			}
		},
		{
			"from": [2, 13, 11.975],
			"to": [14, 15, 13.025],
			"faces": {
				"north": {"uv": [0, 0, 12, 2], "texture": "#3"},
				"east": {"uv": [0, 0, 1.05, 2], "texture": "#3"},
				"south": {"uv": [0, 0, 12, 2], "texture": "#3"},
				"west": {"uv": [12, 0, 13.05, 2], "texture": "#3"},
				"up": {"uv": [0, 0, 12, 1.05], "texture": "#3"},
				"down": {"uv": [0, 0, 12, 1.05], "texture": "#3"}
			}
		}
	],
	"gui_light": "front",
	"display": {
		"thirdperson_righthand": {
			"rotation": [75, 45, 0],
			"translation": [0, 2.5, 0],
			"scale": [0.375, 0.375, 0.375]
		},
		"firstperson_righthand": {
			"rotation": [0, 45, 0],
			"scale": [0.4, 0.4, 0.4]
		},
		"firstperson_lefthand": {
			"rotation": [0, 225, 0],
			"scale": [0.4, 0.4, 0.4]
		},
		"ground": {
			"translation": [0, 3, 0],
			"scale": [0.25, 0.25, 0.25]
		},
		"gui": {
			"rotation": [30, 225, 0],
			"translation": [0, -1.75, 0],
			"scale": [0.625, 0.625, 0.625]
		},
		"fixed": {
			"translation": [0, 0, -5.5]
		}
	}
}